Name,Brand,Ratings,No_of_ratings,No_of_reviews,Product_features,MSP,MRP,Discount
CARRIER 1.5 Ton 5 Star Split Inverter AC  - White,CARRIER,4.3,23, 3,"['Power Consumption: 1260 W', 'Room Size: 111 to 150 sqft', '1 Year Warranty on Product and 10 Years on Compressor']",39999,76090,47
IFB 7 Stage Air Treatment 1.5 Ton 3 Star Split Inverter PM 0.3 Filter Silver Series AC  - White,IFB,4.3,1999, 306,"['Power Consumption: 1088.64 kWh', 'Room Size: 111 to 150 sqft', '1 year warranty on product + 5 years on ODU PCB, 10 years on compressor']",37990,49590,23
SAMSUNG Convertible 1 Ton 3 Star Split Inverter AC  - White,SAMSUNG,4.1,1128, 121,"['Power Consumption: 624.48 W', 'Room Size: 90 sqft or Below', '1 Year Standard Warranty on Product, 10 Years Warranty on Compressor']",29999,50990,41
Voltas 1.5 Ton 5 Star Split Inverter AC  - White,Voltas,4.2,4734, 494,"['Power Consumption: 1450 W', 'Room Size: 111 to 150 sqft', '1 Year Warranty on Product and 5 Years on Compressor']",37490,73990,49
LG Super Convertible 5-in-1 Cooling 1.5 Ton 3 Star Split Dual Inverter HD Filter with Anti-Virus Prote...,LG,4.1,1660, 167,"['Power Consumption: 1050.84 kWh', 'Room Size: 111 to 150 sqft', '1 Year Warranty on Product, 5 Years on PCB and 10 Years on Compressor with Gas Charging']",36990,68990,46
"LG Super Convertible 6-in-1 Cooling 1.5 Ton 5 Star Split Dual Inverter AI, 4 Way Swing, HD Filter with...",LG,4.2,9111, 948,"['Power Consumption: 818.81 kWh', 'Room Size: 111 to 150 sqft', '1 Year Warranty on Product, 5 Years on PCB and 10 Years on Compressor with Gas Charging']",42990,75990,43
SAMSUNG Convertible 5-in-1 Cooling Mode 1.5 Ton 5 Star Split Inverter Anti Bacteria Filter AC  - White,SAMSUNG,4.1,66, 5,"['Power Consumption: 1380 W', 'Room Size: 111 to 150 sqft', '1 Year Standard Warranty on Product, 10 Years Warranty on Compressor']",36990,65990,43
CARRIER 1.2 Ton 5 Star Split Inverter AC  - White,CARRIER,3.9,8, 1,"['Power Consumption: 950 W', 'Room Size: 91 to 110 sqft', '1 Year Warranty on Product and 10 Years on Compressor']",36499,66590,45
SAMSUNG 1.5 Ton 5 Star Split Inverter AC  - White,SAMSUNG,4.2,26394," 2,631","['Power Consumption: 832.8 kWh', 'Room Size: 111 to 150 sqft', '1 Year Standard Warranty on Product and 10 Years Warranty on Compressor From Samsung']",40990,65990,37
Whirlpool 4 in 1 Convertible Cooling 1.5 Ton 3 Star Split Inverter AC  - White,Whirlpool,4.1,6539, 753,"['Power Consumption: 1570 W', 'Room Size: 111 to 150 sqft', '1 year comprehensive+5year on compressor']",33990,64600,47
SAMSUNG Convertible 1.5 Ton 3 Star Split Inverter AC  - White,SAMSUNG,4.2,546, 41,"['Power Consumption: 940.09 W', 'Room Size: 111 to 150 sqft', '1 Year Standard Warranty on Product, 10 Years Warranty on Compressor']",31990,62990,49
IFB 1.6 Ton 3 Star Split Inverter AC  - White,IFB,4.2,38, 4,"['Power Consumption: 5650 W', 'Room Size: 151 to 200 sqft', '1 Year Warranty on Product, 4 Year Super Warranty, 5 Years on ODU PCB and 10 Years on Compressor from IFB']",38990,50090,22
SAMSUNG windfree 1 Ton 3 Star Split Inverter AC  - White,SAMSUNG,4.3,286, 31,"['Power Consumption: 624.48 W', 'Room Size: 90 sqft or Below', '1 Year Standard Warranty on Product, 10 Years Warranty on Compressor']",31999,50990,37
SAMSUNG Convertible 1.5 Ton 4 Star Split Inverter AC  - White,SAMSUNG,4.2,546, 41,"['Power Consumption: 832.8 W', 'Room Size: 111 to 150 sqft', '1 Year Standard Warranty on Product, 10 Years Warranty on Compressor']",33999,65990,48
Blue Star 0.8 Ton 3 Star Split Inverter AC  - White,Blue,4.3,5446, 655,"['Power Consumption: 521.6 W', 'Room Size: 90 sqft or Below', '1 Year on Product and 10 Years Warranty on Compressor From Blue Star']",29999,39500,24
CARRIER Flexicool Convertible 4-in-1 Cooling 2 Ton 3 Star Split Inverter Dual Filtration with HD and P...,CARRIER,4.2,1043, 100,"['Power Consumption: 2010 W', 'Room Size: 151 to 200 sqft', '1 Year warranty on Product, 5 (1+4) Years on PCB and 10 (1+9) Years on Compressor']",51999,78890,34
Lloyd 1.5 Ton 5 Star Split Inverter AC  - White,Lloyd,4.3,972, 199,"['Power Consumption: 864.66 kWh', 'Room Size: 111 to 150 sqft', '1 Year Comprehensive Warranty on AC and 10 Years on Compressor']",36999,61990,40
Blue Star 1.5 Ton 3 Star Split Inverter AC  - White,Blue,4.3,246, 20,"['Power Consumption: 1007.86 W', 'Room Size: 111 to 150 sqft', '1 Year Warranty on Product and 10 Years Warranty on Compressor']",35490,61250,42
MarQ by Flipkart Convertible 4-in-1 Cooling 1.5 Ton 3 Star Split Inverter AC  - White,MarQ,4,3140, 412,"['Power Consumption: 1056.45 kWh', 'Room Size: 111 to 150 sqft', '1 Year Warranty on Product and 10 Years on Compressor from MarQ by Flipkart']",28999,51999,44
Voltas 1.5 Ton 4 Star Split Inverter AC  - White,Voltas,4.3,975, 102,"['Power Consumption: 987.43', 'Room Size: 111 to 150 sqft', '1 Year on Air Conditioner and 5 Years on Compressor']",35302,69990,49
"realme TechLife 4-in-1 Convertible 1.5 Ton 4 Star Split Inverter , AC  - White",realme,4.1,2188, 357,"['Power Consumption: 968.61 kWh', 'Room Size: 111 to 150 sqft', '1 Year Warranty on Product and 10 Years on Compressor']",30999,52999,41
CARRIER 1 Ton 3 Star Split Air Filtration with High Density Filter AC  - White,CARRIER,4.2,7113, 774,"['Power Consumption: 980 W', 'Room Size: 90 sqft or Below', '1 Year Warranty on Product and 5 Years on Compressor']",29999,52590,42
ONIDA 1 Ton 5 Star Split Inverter AC  - White,ONIDA,4.6,85, 15,"['Power Consumption: 820 W', 'Room Size: 90 sqft or Below', '1 Year on Product and 5 Year on Compressor from Onida']",33999,53990,37
Voltas 1.5 Ton 5 Star Split Inverter AC with Wi-fi Connect  - White,Voltas,4.3,12, 0,"['Power Consumption: 1430 W', 'Room Size: 111 to 150 sqft', '1 Year Warranty on Product and 10 Years on Compressor']",38999,73990,47
Voltas 1.2 Ton 3 Star Split Inverter AC  - White,Voltas,4.2,4734, 494,"['Power Consumption: 1430 W', 'Room Size: 91 to 110 sqft', '1 Year Air Conditioner and 5 Years Compressor']",30490,54990,44
"MOTOROLA Multi-Convertible 1.5 Ton 3 Star Split Inverter AC  - Indoor Unit-Silver, Outdoor Unit-White",MOTOROLA,4.2,131, 20,"['Power Consumption: 1013.15 kWh', 'Room Size: 111 to 150 sqft', '1 Year on Product and 10 Years on Compressor']",31999,53999,40
Voltas 2 in 1 Convertible Cooling 1.2 Ton 5 Star Split Inverter AC  - White,Voltas,4.2,4071, 415,"['Power Consumption: 688.95 kWh', 'Room Size: 91 to 110 sqft', '1 Year on Product and 5 Years on Compressor from Voltas']",35999,56990,36
Panasonic 1.5 Ton 3 Star Split Inverter AC with Wi-fi Connect  - White,Panasonic,4.3,11773," 1,430","['Power Consumption: 1770 W', 'Room Size: 111 to 150 sqft', '1 Year Comprehensive Warranty, 4 Years on PCB and 9 Years on Compressor']",36990,55400,33
IFB 1.5 Ton 5 Star Split Inverter AC  - White,IFB,4.3,840, 108,"['Power Consumption: 2590 W', 'Room Size: 111 to 150 sqft', '1 Year on Product, 4 Years Super Warranty, 10 Years on Compressor and 5 Years on Outdoor Unit PCB']",42990,54390,20
Whirlpool 4 in 1 Convertible Cooling 1 Ton 5 Star Split Inverter AC  - White,Whirlpool,4.1,6539, 753,"['Power Consumption: 840 W', 'Room Size: 90 sqft or Below', '1 year comprehensive+5year on compressor']",34990,61500,43
SAMSUNG Convertible 5-in-1 Cooling Mode 1.5 Ton 4 Star Split Inverter Anti Bacteria Filter AC  - White,SAMSUNG,4.2,107, 7,"['Power Consumption: 1490 W', 'Room Size: 111 to 150 sqft', '1 Year Standard Warranty on Product, 10 Years Warranty on Compressor']",35499,62990,43
Lloyd 1.2 Ton 5 Star Split Inverter AC  - White,Lloyd,4.3,972, 199,"['Power Consumption: 690.69 kWh', 'Room Size: 91 to 110 sqft', '1 Year Comprehensive Warranty on Product and 10 Years on Compressor']",35999,56990,36
Whirlpool 4 in 1 Convertible Cooling 1.5 Ton 3 Star Split Inverter AC  - White,Whirlpool,4.1,3474, 404,"['Power Consumption: 1450 W', 'Room Size: 111 to 150 sqft', '1 year comprehensive+10year on compressor']",32990,62200,46
Daikin 1.5 Ton 4 Star Hot and Cold Split Inverter AC  - White,Daikin,4.4,15, 1,"['Power Consumption: 1600 W', 'Room Size: 111 to 150 sqft', '1 Year Comprehensive Warranty on AC and 10 Years on Compressor']",45296,61299,26
Voltas 0.75 Ton 3 Star Split AC  - White,Voltas,4.1,129, 12,"['Power Consumption: 940 W', 'Room Size: 90 sqft or Below', '1 Year on Air Conditioner and 1 Year on Compressor']",26990,48990,44
LG 1.5 Ton 3 Star Split Dual Inverter Convertible 5-in-1 Cooling HD Filter with Anti-Virus Protection ...,LG,4,4715, 513,"['Power Consumption: 962.65 kWh', 'Room Size: 111 to 150 sqft', '1 Year on Product, 5 Years on PCB and 10 Years on Compressor with Gas Charging']",36990,68990,46
"LG Super Convertible 6-in-1 Cooling 1 Ton 5 Star Split Dual Inverter AI, 4 Way Swing, HD Filter with A...",LG,4.2,1666, 187,"['Power Consumption: 571.99 kWh', 'Room Size: 90 sqft or Below', '1 Year Warranty on Product, 5 Years on PCB and 10 Years on Compressor with Gas Charging']",37990,61990,38
LG 1.5 Ton 5 Star Window Smart AC with Wi-fi Connect  - White,LG,4.3,2461, 292,"['Power Consumption: 5000 W', 'Room Size: 111 to 150 sqft', '1 year on product , 5 years on PCB and 10 years on Compressor']",36999,55990,33
Lloyd 1.2 Ton 3 Star Split Inverter AC  - White,Lloyd,4.3,633, 129,"['Power Consumption: 918.14 kWh', 'Room Size: 91 to 110 sqft', '1 Year Comprehensive Warranty on Product and 10 Years on Compressor']",30999,51990,40
Voltas 1.5 Ton 3 Star Split Inverter adjustible AC  - White,Voltas,4,87, 8,"['Power Consumption: 1675 W', 'Room Size: 111 to 150 sqft', '1 Year Warranty on Product and 10 Years on Compressor']",33989,61990,45
LG Convertible 5-in-1 Cooling 1.5 Ton 5 Star Split Dual Inverter AC  - White,LG,4.2,9111, 948,"['Power Consumption: 818.81 kWh', 'Room Size: 111 to 150 sqft', '1 Year on Product, 1 Year on Condenser and 10 Years on Compressor from LG']",43990,66990,34
LG 2 Ton 3 Star Split Dual Inverter Super Convertible 6-in-1 Cooling HD Filter with Anti-Virus Protect...,LG,4.2,193, 11,"['Power Consumption: 1232.78 kWh', 'Room Size: 151 to 200 sqft', '1 Year Warranty on Product, 5 Years on PCB and 10 Years on Compressor with Gas Charging']",50490,85990,41
Voltas 1 Ton 3 Star Window AC  - White,Voltas,4.2,2504, 217,"['Room Size: 90 sqft or Below', '1 Year on Product and 4 Years on Compressor']",25850,33990,23
CARRIER 1 Ton 3 Star Window AC  - White,CARRIER,4.3,917, 94,"['Power Consumption: 1110 W', 'Room Size: 90 sqft or Below', '1 Year Warranty on Product and 5 Years on Compressor']",29999,37090,19
Voltas 2 in 1 Convertible Cooling 1.6 Ton 3 Star Split Inverter AC  - White,Voltas,4.2,4071, 415,"['Power Consumption: 1880 W', 'Room Size: 151 to 200 sqft', '1 Year on Product and 5 Years on Compressor from Voltas']",36999,65990,43
Whirlpool 4 in 1 Convertible Cooling 1 Ton 3 Star Split Inverter AC  - White,Whirlpool,4.1,6539, 753,"['Power Consumption: 1080 W', 'Room Size: 90 sqft or Below', '1 year comprehensive+5year on compressor']",30999,55600,44
Lloyd 1.5 Ton 3 Star Split Inverter AC  - White,Lloyd,4.3,633, 129,"['Power Consumption: 1002.76 kWh', 'Room Size: 111 to 150 sqft', '1 Year Comprehensive Warranty on AC and 10 Years on Compressor']",34999,59990,41
"LG Super Convertible 6-in-1 Cooling 1.5 Ton 5 Star Split Dual Inverter AI, 4 Way Swing, HD Filter with...",LG,4.2,186, 24,"['Power Consumption: 818.81 kWh', 'Room Size: 111 to 150 sqft', '1 Year on Product, 5 Years on PCB and 10 Years on Compressor with Gas Charging']",45990,76990,40
Daikin 1.5 Ton 5 Star Split Inverter AC  - White,Daikin,4.3,308, 50,"['Power Consumption: 1290 W', 'Room Size: 111 to 150 sqft', '1 Year on Product, 10 Years on Compressor and 5 Years on PCB']",47290,71200,33
MarQ by Flipkart 1.5 Ton 5 Star Window AC  - White,MarQ,4.2,1366, 193,"['Power Consumption: 1520 W', 'Room Size: 111 to 150 sqft', '1 Year on Product and 5 Years on Compressor']",26499,31999,17
"Hitachi 1 Ton 3 Star Split Inverter AC  - White, Gold",Hitachi,3.9,3262, 337,"['Power Consumption: 688.96 kWh', 'Room Size: 90 sqft or Below', '1 Year Warranty on Complete Product and 10 Years on Compressor']",33990,48200,29
Daikin 0.8 Ton 3 Star Split AC with PM 2.5 Filter  - White,Daikin,4.1,1232, 141,"['Power Consumption: 709 W', 'Room Size: 90 sqft or Below', '1 Year Warranty on Product and 5 Years on Compressor']",27790,37400,25
ONIDA 1 Ton 5 Star Split Inverter AC  - White,ONIDA,4.4,46, 3,"['Power Consumption: 940 W', 'Room Size: 90 sqft or Below', '1 Year on Product and 5 Year on Compressor from Onida']",35490,53990,34
SAMSUNG Super Convertible 6-in-1 Cooling 1.5 Ton 5 Star Split Inverter WINDFREE Technology AC  - White,SAMSUNG,4.3,286, 31,"['Power Consumption: 1350 W', 'Room Size: 111 to 150 sqft', '1 Year Standard Warranty on Product and 10 Years Warranty on Compressor From Samsung']",44990,70990,36
Voltas 1.5 Ton 4 Star Split Inverter AC  - White,Voltas,4.1,758, 79,"['Power Consumption: 1540 W', 'Room Size: 111 to 150 sqft', '1 Year Warranty on Product and 5 Years on Compressor']",34990,69990,50
SAMSUNG 1 Ton 4 Star Split Inverter AC  - White,SAMSUNG,4.1,1128, 121,"['Power Consumption: 960 W', 'Room Size: 90 sqft or Below', '1 Year Standard Warranty on Product and 10 Years on Compressor']",32999,50990,35
Lloyd 0.8 Ton 3 Star Split Inverter AC  - White,Lloyd,4.3,633, 129,"['Power Consumption: 585.16 kWh', 'Room Size: 90 sqft or Below', '1 Year Comprehensive Warranty on Product and 10 Years on Compressor']",28490,41990,32
Thomson 4 in 1 Convertible Cooling 1.5 Ton 5 Star Split Inverter With iBreeze Technology AC  - White,Thomson,4.1,681, 149,"['Power Consumption: 1350 W', 'Room Size: 111 to 150 sqft', '1 Year on Product and 10 Years on Compressor Warranty']",34999,48998,28
Panasonic 1.5 Ton 3 Star Window AC  - White,Panasonic,4.2,446, 72,"['Power Consumption: 858.42 W', 'Room Size: 111 to 150 sqft', '1 Year on Product and 5 Years Compressor From Panasonic.']",26499,33500,20
"Godrej 1 Ton 3 Star Split Inverter With Anti-Virus Protection AC  - White, Gold",Godrej,4.2,307, 30,"['Power Consumption: 752.58 kWh', 'Room Size: 90 sqft or Below', '1 Year Warranty on Product and 10 Years on Compressor']",29599,35900,17
Daikin 1 Ton 3 Star Split AC with PM 2.5 Filter  - White,Daikin,4.1,1232, 141,"['Power Consumption: 848 W', 'Room Size: 90 sqft or Below', '1 Year Warranty on Product and 5 Years on Compressor']",31399,46000,31
Blue Star 1 Ton 3 Star Split AC  - White,Blue,4.2,1878, 174,"['Power Consumption: 955 W', 'Room Size: 90 sqft or Below', '1 Year on Product and 5 Years Warranty on Compressor']",30990,44750,30
"CARRIER Flexicool Convertible 4-in-1 Cooling 1.2 Ton 5 Star Split Inverter Auto Cleanser, Dual Filtrat...",CARRIER,4.3,11207," 1,346","['Power Consumption: 1050 W', 'Room Size: 91 to 110 sqft', '1 Year warranty on Product, 5 (1+4) Years on PCB and 10 (1+9) Years on Compressor']",38999,64590,39
Hitachi 1.5 Ton 3 Star Split Inverter AC  - Gold,Hitachi,3.9,3262, 337,"['Power Consumption: 1730 W', 'Room Size: 111 to 150 sqft', '1 years Comprehensive warranty, 5 years on Controller/PCB, 10 years on Compressor, 1 year Free Gas Recharge']",36999,52700,29
Hitachi 1.5 Ton 3 Star Window AC  - White,Hitachi,4,2628, 286,"['Power Consumption: 1277.28 kWh', 'Room Size: 111 to 150 sqft', '1 Year Warranty on Product, 1 Year on PCB Controller and 5 Years on Compressor']",29999,34490,13
MOTOROLA 1.5 Ton 5 Star Split Dual Inverter Smart AC with Wi-fi Connect  - Silver,MOTOROLA,4.3,1039, 157,"['Power Consumption: 865.7 W', 'Room Size: 111 to 150 sqft', '1 year on product and 10 years on compressor']",41990,56549,25
CARRIER 1.5 Ton 3 Star Split AC with PM 2.5 Filter  - White,CARRIER,4.2,7113, 774,"['Power Consumption: 1128.65 W', 'Room Size: 111 to 150 sqft', '1 Year Warranty on Product and 5 Years on Compressor']",32999,47990,31
LG Super Convertible 5-in-1 Cooling 1 Ton 3 Star Split Dual Inverter HD Filter with Anti-Virus Protect...,LG,4.1,1660, 167,"['Power Consumption: 680.58 kWh', 'Room Size: 90 sqft or Below', '1 Year Warranty on Product, 5 Years on PCB and 10 Years on Compressor with Gas Charging']",34590,59990,42
Whirlpool 1.5 Ton 3 Star Split Inverter AC  - White,Whirlpool,4.2,28706," 3,620","['Power Consumption: 1660 W', 'Room Size: 111 to 150 sqft', '1 year comprehensive+10year on compressor']",31990,53900,40
Voltas 1.5 Ton 3 Star Split Inverter AC  - White,Voltas,4.2,4734, 494,"['Power Consumption: 1690 W', 'Room Size: 111 to 150 sqft', '1 Year Warranty on Product and 5 Years on Compressor']",34270,61990,44
MarQ by Flipkart Convertible 4-in-1 Cooling 0.8 Ton 3 Star Split Inverter AC  - White,MarQ,4,657, 85,"['Power Consumption: 578.54 kWh', 'Room Size: 90 sqft or Below', '1 Year Warranty on Product and 10 Years on Compressor from MarQ by Flipkart']",25999,45499,42
"Godrej 1 Ton 5 Star Split Dual Inverter With Anti-Virus Protection AC  - White, Silver",Godrej,4.2,307, 30,"['Power Consumption: 584.46 kWh', 'Room Size: 90 sqft or Below', '1 Year Warranty on Product and 10 Years on Compressor']",34490,45900,24
LG 1 Ton 5 Star Split Dual Inverter AC  - Floral White,LG,4.3,247, 43,"['Power Consumption: 938 W', 'Room Size: 90 sqft or Below', '10 Years on Compressor with free gas recharge*, 5 Years on PCB*']",41490,48990,15
LG 1.5 Ton 5 Star Split Dual Inverter AC  - White,LG,4.1,12, 0,"['Power Consumption: 400 W', 'Room Size: 111 to 150 sqft', '1 Year Warranty on Product, 5 Years on PCB and 10 Years on Compressor']",44999,75990,40
Voltas 1.5 Ton 2 Star Split AC  - White,Voltas,4.1,129, 12,"['Power Consumption: 1450 W', 'Room Size: 111 to 150 sqft', '1 Year Comprehensive Warranty on Product and 5 Years on Compressor']",31999,61990,48
Panasonic 1.5 Ton 3 Star Split Inverter AC  - White,Panasonic,4.2,1222, 160,"['Power Consumption: 1770 W', 'Room Size: 111 to 150 sqft', '1 Year Comprehensive Warranty, 4 Years on PCB and 9 Years on Compressor']",35990,54400,33
IFB 1.5 Ton 5 Star Split Dual Inverter AC  - White,IFB,4.3,840, 108,"['Power Consumption: 1370 W', 'Room Size: 111 to 150 sqft', '1 Year Warranty on Product, 5 Years on ODU PCB and 10 Years on Compressor from IFB']",39490,50990,22
Lloyd 1.5 Ton 5 Star Window AC  - White,Lloyd,3.8,6, 1,"['Power Consumption: 114.7 kWh', 'Room Size: 111 to 150 sqft', '1 Year on Product and 5 Years on Compressor']",33990,45990,26
SAMSUNG 1.5 Ton 3 Star Split Inverter AC  - White,SAMSUNG,4.2,328, 44,"['Power Consumption: 1780 W', 'Room Size: 111 to 150 sqft', '1 Year on Product, 10 Years Compressor and 5 Years Condensor Warranty']",39500,46600,15
Lloyd 1.5 Ton 3 Star Split AC  - White,Lloyd,4.2,648, 102,"['Power Consumption: 1087.62 kWh', 'Room Size: 111 to 150 sqft', '1 Year Comprehensive Warranty on Product and 5 Years on Compressor']",34499,52990,34
Lloyd 1 Ton 3 Star Split Inverter AC with Wi-fi Connect  - White,Lloyd,4.2,790, 172,"['Power Consumption: 698.49 kWh', 'Room Size: 90 sqft or Below', '1 Year Comprehensive Warranty on Product and 10 Years on Compressor']",32999,47990,31
Lloyd 1.5 Ton 3 Star Split AC  - White,Lloyd,4.3,41, 3,"['Power Consumption: 1114.71 W', 'Room Size: 111 to 150 sqft', '1 Year Warranty on Product and 5 Years on Compressor from LLOYD']",34990,58990,40
Voltas 0.8 Ton 3 Star Split AC  - White,Voltas,4.1,3467, 386,"['Power Consumption: 826 W', 'Room Size: 90 sqft or Below', '1 Year Warranty on Product and 5 Years on Compressor From Voltas']",26499,48990,45
SAMSUNG Convertible 5-in-1 Cooling Mode 1 Ton 4 Star Split Inverter Anti Bacteria Filter AC  - White,SAMSUNG,3.7,29, 3,"['Power Consumption: 960 W', 'Room Size: 90 sqft or Below', '1 Year Standard Warranty on Product, 10 Years Warranty on Compressor']",32999,50990,35
LG 1 Ton 3 Star Split Dual Inverter AC  - White,LG,4,67, 10,"['Power Consumption: 680.58 kWh', 'Room Size: 90 sqft or Below', '1 Year Warranty on Product, 5 Years on PCB and 10 Years on Compressor with Gas Charging']",34990,57990,39
"LG Convertible 4-in-1 Cooling 1.5 Ton 4 Star Window Dual Inverter HD Filter, Clean Filter Indicator AC...",LG,4,793, 89,"['Power Consumption: 1114.92 kWh', 'Room Size: 111 to 150 sqft', '1 Year Warranty on Product, 5 Years on PCB and 10 Years on Compressor with Gas Charging']",34990,60990,42
SAMSUNG 1.5 Ton 3 Star Split Inverter AC  - White,SAMSUNG,4.2,26394," 2,631","['Power Consumption: 1044.19 kWh', 'Room Size: 111 to 150 sqft', '1 Year Standard Warranty on Product and 10 Years on Compressor']",34499,57990,40
Lloyd 1.5 Ton 5 Star Split Inverter AC with Wi-fi Connect  - White,Lloyd,4.2,790, 172,"['Power Consumption: 864.66 kWh', 'Room Size: 111 to 150 sqft', '1 Year Comprehensive Warranty on Product and 10 Years on Compressor']",40999,63990,35
Godrej 1.5 Ton 3 Star Split Inverter AC  - White,Godrej,4.6,21, 0,"['Power Consumption: 1570 W', 'Room Size: 111 to 150 sqft', '1 Year Comprehensive and 10 Years Warranty On Inverter Compressor from Godrej']",35386,44990,21
SAMSUNG 1.5 Ton 3 Star Split AC  - White,SAMSUNG,4.3,316, 19,"['Power Consumption: 1091.49 W', 'Room Size: 111 to 150 sqft', '1 Year Standard Warranty on Product and 10 Years Warranty on Compressor From Samsung']",33990,52990,35
SAMSUNG 1.5 Ton 5 Star Split Inverter AC with Wi-fi Connect  - White,SAMSUNG,4.4,31, 0,"['Power Consumption: 1380 W', 'Room Size: 111 to 150 sqft', '1 Year on product 5 Years Warranty On Condenser, 10 Years Warranty On Compressor']",47490,55500,14
Whirlpool 1 Ton 4 Star Split AC  - White,Whirlpool,4.5,59, 11,"['Power Consumption: 830 W', 'Room Size: 90 sqft or Below', '1 Year on Unit, 5 Years on Condensor & 10 Years on Compressor']",33500,45000,25
Whirlpool 4 in 1 Convertible Cooling 1 Ton 5 Star Split Inverter AC  - White,Whirlpool,4.1,3474, 404,"['Power Consumption: 560.34 W', 'Room Size: 90 sqft or Below', '1 year comprehensive+10year on compressor']",34999,59500,41
Haier 1.25 Ton 3 Star Split Inverter AC  - White,Haier,4.1,1504, 200,"['Power Consumption: 1315 W', '1 Year Warranty on Product and 12 Years on Compressor']",30990,49500,37
LG 1.5 Ton 5 Star Split Dual Inverter AC with Wi-fi Connect  - White,LG,4.1,129, 19,"['Power Consumption: 818.81 kWh', 'Room Size: 111 to 150 sqft', '1 Year Warranty on Product, 5 Years on PCB and 10 Years on Compressor with Gas Charging']",46295,77990,40
TCL 4 in 1 Convertible Cooling 1.5 Ton 3 Star Split Inverter AC  - White,TCL,4.3,514, 84,"['Power Consumption: 1790 W', 'Room Size: 111 to 150 sqft', '1 Year Warranty on Product and 10 Years on Compressor']",27999,44990,37
Panasonic 2 Ton 3 Star Split Inverter AC with Wi-fi Connect  - White,Panasonic,4.3,11773," 1,430","['Power Consumption: 2090 W', 'Room Size: 151 to 200 sqft', '1 Year Comprehensive Warranty, 4 Years on PCB and 9 Years on Compressor']",51990,69400,25
"CARRIER 1.5 Ton 5 Star Split Inverter AC with Wi-fi Connect  - Beige, Black",CARRIER,4.4,83, 15,"['Power Consumption: 1390 W', 'Room Size: 111 to 150 sqft', '1 Year Warranty on Product, 5 Years on PCB and 10 Years on Compressor']",45999,79890,42
Godrej 1.5 Ton 5 Star Split Inverter Convertible 5-in-1 Cooling With Anti-Virus Protection AC  - White...,Godrej,4.3,321, 35,"['Power Consumption: 840.2 kWh', 'Room Size: 111 to 150 sqft', '1 Year Warranty on Product and 10 Years on Compressor']",37599,59000,36
Godrej 1.5 Ton 5 Star Split Inverter Convertible 5-in-1 Cooling With Anti-Virus Protection AC  - White...,Godrej,4.6,16, 0,"['Power Consumption: 840.2 kWh', 'Room Size: 111 to 150 sqft', '1 Year Warranty on Product and 10 Years on Compressor']",36790,51900,29
Hitachi 1.5 Ton 3 Star Window AC  - White,Hitachi,3.7,14, 1,['Room Size: 111 to 150 sqft'],28989,34490,15
Hitachi 1 Ton 5 Star Split Inverter AC  - White,Hitachi,4.5,6, 2,"['Power Consumption: 965 W', 'Room Size: 90 sqft or Below', '1 Year on Product, 1 Year on Condenser and 5 Years on Compressor From Hitachi']",37949,54600,30
Lloyd 1 Ton 3 Star Split Inverter AC  - White,Lloyd,4.3,16, 0,"['Power Consumption: 745.89 W', 'Room Size: 90 sqft or Below', '1 Year Warranty on Product and 10 Years on Compressor from LLOYD']",31287,44990,30
Voltas 1.5 Ton 5 Star Window AC  - White,Voltas,4.3,2110, 182,"['Power Consumption: 1495 W', 'Room Size: 111 to 150 sqft', '1 Year on Product and 5 Years on Compressor']",30999,34690,10
"Hitachi 1.5 Ton 5 Star Split Inverter AC with Wi-fi Connect  - White, Gold",Hitachi,3.9,21, 3,"['Power Consumption: 780.6 W', 'Room Size: 111 to 150 sqft', '2 Year on Product, 5 Years on Controller and 10 Years on Compressor']",41500,60700,31
Lloyd 1 Ton 5 Star Split Inverter AC  - White,Lloyd,4.3,481, 51,"['Power Consumption: 574.71 kWh', 'Room Size: 90 sqft or Below', '1 Year Comprehensive Warranty on AC and 10 Years on Compressor From Lloyd']",35599,54990,35
Daikin 1 Ton 5 Star Split Inverter AC  - White,Daikin,4.2,26, 4,"['Power Consumption: 822 W', 'Room Size: 90 sqft or Below', '1 Year on Product and 5 Years on Compressor']",45899,52000,11
"Hitachi 1 Ton 5 Star Split Inverter AC  - White, Gold",Hitachi,3.9,3262, 337,"['Power Consumption: 585.85 kWh', 'Room Size: 90 sqft or Below', '1 Year Warranty on Complete Product and 10 Years on Compressor']",39899,54600,26
Panasonic 2 Ton 3 Star Split AC  - White,Panasonic,3.6,10, 0,"['Power Consumption: 1710 W', 'Room Size: 151 to 200 sqft', '1 Year on the Product and 4 Years on the Compressor']",47500,59100,19
CARRIER 1.5 Ton 5 Star Split Inverter AC  - White,CARRIER,4.7,3, 1,"['Power Consumption: 1380 W', 'Room Size: 111 to 150 sqft', '1 Year Comprehensive Warranty on Product and 10 Years on Compressor']",42500,54990,22
MarQ by Flipkart 1.5 Ton 5 Star Split Dual Inverter Engineered with Panasonic Technology AC  - White,MarQ,4.3,7200," 1,071","['Power Consumption: 840.75 W', 'Room Size: 111 to 150 sqft', '1 Year on Product and 5 Years on Compressor from MarQ by Flipkart']",34999,43399,19
O General 1.5 Ton 5 Star Split Inverter AC  - White,O,3.8,4, 0,"['Power Consumption: 1580 W', 'Room Size: 111 to 150 sqft', '1 Year Comprehensive Warranty on AC and 5 Years on Compressor From O-General']",58799,67370,12
Voltas 1.5 Ton 5 Star Split Inverter AC  - White,Voltas,4.2,1473, 126,"['Power Consumption: 1750 W', 'Room Size: 111 to 150 sqft', '1 Year on Product and Condenser and 5 Years on Compressor from Voltas']",40499,69990,42
Hitachi 1.5 Ton 3 Star Window Inverter AC  - White,Hitachi,5,1, 1,"['Power Consumption: 1279.15 W', 'Room Size: 111 to 150 sqft', '1 Year on Product, 1 Year on Controller and 10 Years on Compressor']",35949,40290,10
Voltas 2 Ton 3 Star Split AC  - White,Voltas,4.2,2382, 201,"['Power Consumption: 1937 W', 'Room Size: 151 to 200 sqft', '1 Year on Product and 5 Years on Compressor from Voltas']",49800,69990,28
Voltas 1.5 Ton 3 Star Split Inverter AC  - White,Voltas,4.2,3700, 320,"['Power Consumption: 1590 W', 'Room Size: 111 to 150 sqft', '1 Year on Product and 5 Years on Compressor from Voltas']",35999,59190,39
Panasonic 1.5 Ton 5 Star Split Inverter AC  - White,Panasonic,4.8,5, 1,"['Power Consumption: 840.75 kWh', 'Room Size: 111 to 150 sqft', '1 Year Warranty on Product, 5 Years on PCB and 10 Years on Compressor']",41179,57000,27
Blue Star 2 Ton 5 Star Split Inverter AC  - White,Blue,4.7,16, 0,"['Power Consumption: 1770 W', 'Room Size: 151 to 200 sqft', '1 Year on Product and 10 Years Warranty on Compressor']",59980,80000,25
Daikin 1.5 Ton 5 Star Split Inverter with Anti Microbial Filter AC with Wi-fi Connect  - White,Daikin,4.2,46, 3,"['Power Consumption: 1415 W', 'Room Size: 111 to 150 sqft', '1 Year on Product and 5 Years on Compressor from Daikin']",46200,63000,26
Daikin 1 Ton 3 Star Split Inverter with PM 2.5 Filter AC with PM 2.5 Filter  - White,Daikin,4.2,1984, 192,"['Power Consumption: 1110 W', 'Room Size: 90 sqft or Below', '1 Year on Product and 10 Years on Compressor From Daikin']",33999,42990,20
CARRIER 1.5 Ton 4 Star Window AC  - White,CARRIER,4.3,917, 94,"['Power Consumption: 1558 W', 'Room Size: 111 to 150 sqft', '1 Year Warranty on Product and 5 Years on Compressor']",31999,43090,25
LG 1.5 Ton 2 Star Split Dual Inverter AC  - White,LG,4,10, 1,"['Power Consumption: 1800 W', 'Room Size: 111 to 150 sqft', '1 Year on Product and 10 Years on Compressor']",34849,47900,27
Blue Star 0.8 Ton 4 Star Window AC  - White,Blue,4,149, 23,"['Power Consumption: 838 W', 'Room Size: 90 sqft or Below', '1 Year on Product and 5 Years Warranty on Compressor']",24999,30000,16
"Godrej 1.5 Ton 5 Star Split Inverter AC with Wi-fi Connect  - White, Gold",Godrej,4.1,13, 1,"['Power Consumption: 840.2 kWh', 'Room Size: 111 to 150 sqft', '1 Year Warranty on Product and 10 Years on Compressor']",43490,55900,22
Lloyd 1 Ton 3 Star Split AC  - White,Lloyd,4.2,648, 102,"['Power Consumption: 735.4 kWh', 'Room Size: 90 sqft or Below', '1 Year Comprehensive Warranty on Product and 5 Years on Compressor']",29499,41990,29
Voltas 2 in 1 Convertible Cooling 1.6 Ton 5 Star Split Inverter AC  - White,Voltas,4.2,4071, 415,"['Power Consumption: 1526 W', 'Room Size: 151 to 200 sqft', '1 Year on Product and 5 Years on Compressor from Voltas']",41999,79990,47
Blue Star 1 Ton 3 Star Split Inverter AC  - White,Blue,4.2,4321, 505,"['Power Consumption: 1060 W', 'Room Size: 90 sqft or Below', '1 Year on Product and 10 Years Warranty on Compressor']",32960,52000,36
Daikin 1 Ton 5 Star Split Inverter AC  - White,Daikin,4.4,19, 2,"['Power Consumption: 940 W', 'Room Size: 90 sqft or Below', '1 Year Comprehensive Warranty on AC and 10 Years on Compressor']",39449,55500,28
Lloyd 1.5 Ton 3 Star Split Inverter AC  - White,Lloyd,4.3,21, 1,"['Power Consumption: 1440 W', 'Room Size: 111 to 150 sqft', '1 Year on Product 5 Years on Compressor Manufacturer Warranty from Lloyd']",36990,58990,37
ONIDA 1.5 Ton 3 Star Split Inverter AC  - White,ONIDA,4.5,3148, 547,"['Power Consumption: 1740 W', 'Room Size: 111 to 150 sqft', '1 Year Warranty on Product and 5 Years on Compressor from Onida']",32990,54990,40
Godrej 2 Ton 3 Star Split Inverter AC  - White,Godrej,3.6,11, 0,['Room Size: 151 to 200 sqft'],48990,69900,29
IFB 1.5 Ton 3 Star Split Dual Inverter AC  - White,IFB,4.2,1159, 149,"['Power Consumption: 1088 W', 'Room Size: 111 to 150 sqft', '1 Year Warranty on Product, 5 Years on ODU PCB and 10 Years on Compressor from IFB']",34990,44890,22
Blue Star 2 Ton 3 Star Window AC  - White,Blue,4.2,82, 8,"['Power Consumption: 2016 W', 'Room Size: 151 to 200 sqft', '1 Year Warranty on Product and 5 Years on Compressor']",43800,47500,7
Blue Star 1.5 Ton 3 Star Split Inverter AC  - White,Blue,4.2,4321, 505,"['Power Consumption: 975.37 W', 'Room Size: 111 to 150 sqft', '1 Year Warranty on Product and 10 Years on Inverter Compressor']",34999,58140,39
Voltas 1.5 Ton 3 Star Window AC  - White,Voltas,4.2,1566, 135,"['Power Consumption: 1729 W', 'Room Size: 111 to 150 sqft', '1 Year on Product and 4 Years on Compressor']",27950,32822,14
"Whirlpool 1.5 Ton 3 Star Split AC  - White, Grey",Whirlpool,4.1,8022, 888,"['Power Consumption: 1410 W', 'Room Size: 111 to 150 sqft', '1 year comprehensive+5year on compressor']",32690,44400,26
"LG 1.5 Ton 3 Star Split Dual Inverter AC  - White, Maroon",LG,4.3,237, 36,"['Power Consumption: 1740 W', 'Room Size: 111 to 150 sqft', '10 Years on Compressor with free gas recharge*, 5 Years on PCB*']",43000,53990,20
LG 1 Ton 4 Star Split Dual Inverter AC with Wi-fi Connect  - White,LG,4.6,17, 3,"['Power Consumption: 604.19 kWh', 'Room Size: 90 sqft or Below', '1 Year on Product, 1 Year on Condenser and 10 Years on Compressor from LG']",42000,59990,29
Panasonic 1.5 Ton 5 Star Split Inverter AC with Wi-fi Connect  - White,Panasonic,4.3,176, 31,"['Power Consumption: 848.28 W', 'Room Size: 111 to 150 sqft', '1 Year Comprehensive Warranty on Product, 4 Years on PCB and ODU Casing and 9 Years On Compressor']",50990,66000,22
Blue Star 1.2 Ton 3 Star Split Inverter AC  - White,Blue,4.3,246, 20,"['Power Consumption: 926.14 W', 'Room Size: 91 to 110 sqft', '1 Year on Product and 10 Years Warranty on Compressor From Blue Star']",32990,52000,36
ONIDA 1.5 Ton 5 Star Split Inverter AC  - White,ONIDA,4.4,830, 139,"['Power Consumption: 1525 W', 'Room Size: 111 to 150 sqft', '1 Year on Product and 4 Years on Compressor']",36999,60890,39
Panasonic 1.5 Ton 3 Star Split Inverter AC  - White,Panasonic,4.2,1222, 160,"['Power Consumption: 1056.45 W', 'Room Size: 111 to 150 sqft', '1 Year Comprehensive on Warranty Product, 4 Years on PCB and 9 Years On Compressor']",35990,48500,25
TOSHIBA 1.5 Ton 3 Star Split AC  - White,TOSHIBA,4,21, 4,"['Power Consumption: 1800 W', 'Room Size: 111 to 150 sqft', '1 Year on Product and 5 Years on Compressor from Date of Purchase']",35000,45100,22
Whirlpool 1.5 Ton 3 Star Split Inverter AC  - White,Whirlpool,4.3,17, 2,"['Power Consumption: 2100 W', 'Room Size: 111 to 150 sqft', '1 Year on Comprehensive Unit , 10 years on compressor & 1 year on condensor']",42000,65000,35
Whirlpool 1.5 Ton 3 Star Split Inverter AC  - White,Whirlpool,4.2,18, 1,"['Power Consumption: 1890 W', 'Room Size: 111 to 150 sqft', '1 Year on Product, 1 Year on Condenser and 10 Years on Compressor']",36990,45000,17
Blue Star 1.5 Ton 3 Star Split Inverter AC  - White,Blue,4.5,8, 1,"['Power Consumption: 1750 W', 'Room Size: 111 to 150 sqft', '1 Year Warranty on Product and 5 Years on Compressor']",37100,52250,28
Voltas 1 Ton 5 Star Split Inverter AC  - White,Voltas,4.3,6, 0,"['Power Consumption: 1780 W', 'Room Size: 90 sqft or Below', '1 Year Warranty on Product and 4 Years Warranty Compressor']",38540,63990,39
Panasonic 1 Ton 3 Star Split Inverter AC with Wi-fi Connect  - White,Panasonic,5,3, 1,"['Power Consumption: 915 W', 'Room Size: 90 sqft or Below', '1 Year Comprehensive Warranty on AC and 10 Years on Compressor']",33477,51990,35
Whirlpool 1 Ton 3 Star Split Inverter AC  - White,Whirlpool,4.3,23, 4,"['Power Consumption: 1500 W', 'Room Size: 90 sqft or Below', '1 Year on Comprehensive Unit , 10 years on compressor & 1 year on condensor']",47486,48000,1
SAMSUNG 2 Ton 4 Star Split Inverter AC  - White,SAMSUNG,4.2,26394," 2,631","['Power Consumption: 1820 W', 'Room Size: 151 to 200 sqft', '1 Year Standard Warranty on Product and 10 Years on Compressor']",47990,77990,38
"LG 1.5 Ton 5 Star Split Dual Inverter AC  - White, Maroon",LG,4.3,237, 36,"['Power Consumption: 1440 W', 'Room Size: 111 to 150 sqft', '10 Years on Compressor with free gas recharge*, 5 Years on PCB*']",46500,56990,18
Godrej 2 Ton 3 Star Window AC  - White,Godrej,4.5,11, 0,"['Power Consumption: 1625 W', 'Room Size: 151 to 200 sqft', '1 Year on Product, 1 Year on Condenser and 5 Years on Compressor']",32990,38900,15
IFB 7 Stage Air Treatment 1.5 Ton 5 Star Split Inverter PM 0.3 Filter Silver Series AC  - White,IFB,4.3,1999, 306,"['Power Consumption: 1370 W', 'Room Size: 111 to 150 sqft', '1 year warranty on product + 5 years on ODU PCB, 10 years on compressor']",42990,55890,23
MarQ by Flipkart Convertible 4-in-1 Cooling 1 Ton 3 Star Split Inverter AC  - White,MarQ,4.1,766, 112,"['Power Consumption: 712.59 kWh', 'Room Size: 90 sqft or Below', '1 Year Warranty on Product and 10 Years on Compressor from MarQ by Flipkart']",27490,45999,40
Daikin 1.8 Ton 5 Star Split Inverter AC with PM 2.5 Filter  - White,Daikin,4.2,1047, 111,"['Power Consumption: 1575 W', 'Room Size: 151 to 200 sqft', '1 Year Warranty on Product, 5 Years on PCB (Printed Circuit Board) and 10 Years on Compressor']",59990,83900,28
"Blue Star 1 Ton 3 Star Split Inverter AC  - Silver, White",Blue,4.4,52, 5,"['Power Consumption: 1122 W', 'Room Size: 90 sqft or Below', '1 Year on Product and Condenser, 10 Years on Compressor from Blue Star']",34500,45000,23
Panasonic 1 Ton 3 Star Split Inverter AC  - White,Panasonic,4.2,1222, 160,"['Power Consumption: 731.44 kWh', 'Room Size: 90 sqft or Below', '1 Year Comprehensive on Warranty Product, 4 Years on PCB and 9 Years On Compressor']",32990,42200,21
IFB 7 Stage Air Treatment 1.5 Ton 5 Star Split Inverter PM 0.3 Filter Gold Series AC  - White,IFB,4.4,552, 87,"['Power Consumption: 853.68 kWh', 'Room Size: 111 to 150 sqft', '1 year warranty on product + 5 years on ODU PCB, 10 years on compressor']",44990,55490,18
Daikin 1.8 Ton 5 Star Split Inverter AC  - White,Daikin,3.4,5, 1,"['Power Consumption: 1665 W', 'Room Size: 151 to 200 sqft', '1 Year on Product and 5 Years on Compressor']",66570,83000,19
CARRIER 1.5 Ton 3 Star Split AC  - White,CARRIER,4.3,778, 112,"['Power Consumption: 1458 W', 'Room Size: 111 to 150 sqft', '1 Year Warranty on Product and 5 Years on Compressor from Carrier']",35000,51990,32
Voltas 1.5 Ton 3 Star Hot and Cold Split Inverter AC  - White,Voltas,4.2,17, 1,"['Power Consumption: 1712 W', 'Room Size: 111 to 150 sqft', '1 Year Warranty on Product and Condenser and 5 Years on Compressor']",41490,64990,36
Nokia 4 in 1 Convertible Cooling 1.5 Ton 5 Star Split Triple Inverter Smart AC with Wi-fi Connect  - W...,Nokia,4.2,505, 95,"['Power Consumption: 847.7 kWh', 'Room Size: 111 to 150 sqft', '1 Year on Product and 5 Years on Compressor']",34999,57399,39
Godrej 1.5 Ton 3 Star Split Inverter AC  - White,Godrej,4.3,430, 60,"['Power Consumption: 1750 W', 'Room Size: 111 to 150 sqft', '1 Year Comprehensive and 5 Years on Compressor Warranty From Godrej']",33887,58000,41
Blue Star 1 Ton 3 Star Split Inverter AC  - White,Blue,4.4,72, 13,"['Power Consumption: 669.13 W', 'Room Size: 90 sqft or Below', '1 Year Warranty on Product and 10 Years on Inverter Compressor']",35800,49500,27
Voltas 1.5 Ton 4 Star Hot and Cold Split Inverter AC  - White,Voltas,3.9,10, 0,"['Power Consumption: 1450 W', 'Room Size: 111 to 150 sqft', '1 Year Comprehensive Warranty on Product and 10 Years on Compressor From Voltas']",35405,53990,34
Whirlpool 4 in 1 Convertible Cooling 1.5 Ton 5 Star Split Inverter AC  - White,Whirlpool,4.1,3474, 404,"['Power Consumption: 770.5 W', 'Room Size: 111 to 150 sqft', '1 Year Warranty on Product, 1 Year on Condenser and 10 Years on Compressor']",35990,73500,51
"Voltas 1.5 Ton 5 Star Split Inverter AC  - White, Red",Voltas,4.4,31, 4,"['Power Consumption: 1430 W', 'Room Size: 111 to 150 sqft', '1 Year Warranty on Product, 1 Year on Condenser, and 5 Years on Compressor']",40987,71990,43
Whirlpool 1.5 Ton 3 Star Split Inverter Expandable AC  - White,Whirlpool,3.9,55, 10,['Room Size: 111 to 150 sqft'],33290,43784,23
Lloyd 1.5 Ton 4 Star Window AC  - White,Lloyd,4.2,486, 87,"['Power Consumption: 1180.51 kWh', 'Room Size: 111 to 150 sqft', '1 Year Comprehensive Warranty on Product and 5 Years on Compressor']",28999,38990,25
Whirlpool 1 Ton 3 Star Split Inverter AC  - White,Whirlpool,5,5, 0,"['Power Consumption: 1140 W', 'Room Size: 90 sqft or Below', '1 Year on Product, 1 Year on Condenser and 10 Years on Compressor']",34000,45000,24
Hitachi 1.5 Ton 5 Star Window Inverter AC  - White,Hitachi,4.1,8, 0,"['Power Consumption: 1179.68 W', 'Room Size: 111 to 150 sqft', '1 Year on Product, 1 Year on Controller and 10 Years on Compressor']",38599,45690,15
Midea 1.5 Ton 3 Star Split Inverter AC  - White,Midea,4.1,9, 0,"['Power Consumption: 1700 W', 'Room Size: 111 to 150 sqft', '1 Year Warranty on Product and 10 Years on Compressor']",33999,59790,43
LIVPURE 1.5 Ton 3 Star Split Inverter Smart AC with Wi-fi Connect  - White,LIVPURE,4.2,2590, 578,"['Power Consumption: 1600 W', 'Room Size: 111 to 150 sqft', '1 Year on Product, 1 Year on Condenser and 10 Years on Compressor']",36990,44990,17
Godrej 1.5 Ton 3 Star Split Inverter AC  - White,Godrej,4.3,430, 60,"['Power Consumption: 1128.49 W', 'Room Size: 111 to 150 sqft', '1 Year On Product and Condenser Coil Warranty and 10 Years On Compressor from Godrej']",33445,48900,31
Daikin 1 Ton 4 Star Split Inverter AC  - White,Daikin,4.4,17, 2,"['Power Consumption: 1200 W', 'Room Size: 90 sqft or Below', '1 Year Comprehensive Warranty on AC and 10 Years on Compressor']",35199,48200,26
Panasonic 1.5 Ton 5 Star Split Inverter AC with Wi-fi Connect  - White,Panasonic,5,2, 1,"['Power Consumption: 1660 W', 'Room Size: 111 to 150 sqft', '1 Year Comprehensive Warranty on AC and 10 Years on Compressor']",44219,59400,25
Voltas 1.5 Ton 3 Star Split Inverter AC with Wi-fi Connect  - White,Voltas,4.8,6, 0,"['Power Consumption: 1835 W', 'Room Size: 111 to 150 sqft', '1 Year Warranty on Product and 10 Years on Compressor']",34890,69990,50
MOTOROLA 1.5 Ton 3 Star Split Dual Inverter AC  - Silver,MOTOROLA,4.4,618, 106,"['Power Consumption: 1101.4 W', 'Room Size: 111 to 150 sqft', '1 year on product and 10 years on compressor']",34490,46399,25
Voltas 1.5 Ton 3 Star Split Inverter adjustible AC  - White,Voltas,4.1,14, 1,"['Power Consumption: 1036.6 kWh', 'Room Size: 111 to 150 sqft', '1 Year Warranty on Product and 5 Years on Compressor']",35415,59990,40
Whirlpool 1.5 Ton Split Inverter AC  - White,Whirlpool,4,8, 1,['Room Size: 111 to 150 sqft'],36890,58250,36
MarQ by Flipkart 1.5 Ton 5 Star Split Dual Inverter Smart AC with Wi-fi Connect  - White,MarQ,4.4,331, 38,"['Power Consumption: 1118 W', 'Room Size: 111 to 150 sqft', '1 Year Warranty on Product and 5 Years on Compressor']",35500,56999,37
Daikin 1.5 Ton 3 Star Split AC  - White,Daikin,4.6,24, 3,"['Power Consumption: 1103 W', 'Room Size: 111 to 150 sqft', '1 Year Comprehensive and 4 Years Compressor Warranty from Daikin']",35780,43000,16
Voltas 1.5 Ton 3 Star Split Inverter AC  - White,Voltas,3.8,6, 0,"['Power Consumption: 1750 W', 'Room Size: 111 to 150 sqft', '1 Year on Product and 10 Years on Compressor From Voltas']",36990,59390,37
Sansui Activated Carbon Filter 1.5 Ton 3 Star Split Dual Inverter Smart AC with Wi-fi Connect  - White,Sansui,4.1,181, 25,"['Power Consumption: 1101.45 W', 'Room Size: 111 to 150 sqft', '1 Year on Product and 5 Years on Compressor from Sansui']",30990,54999,43
Blue Star 1 Ton 3 Star Split AC  - White,Blue,4,25, 4,"['Power Consumption: 940 W', 'Room Size: 90 sqft or Below', '1 Year on Product and 5 Years Warranty on Compressor']",30490,44000,30
Hitachi 1 Ton 3 Star Window AC  - White,Hitachi,4,2628, 286,"['Power Consumption: 921 W', 'Room Size: 90 sqft or Below', '1 Year Warranty on Product and 5 Years on Compressor']",26999,28900,6
CARRIER 1.5 Ton 4 Star Split Inverter AC  - White,CARRIER,3.3,3, 0,"['Power Consumption: 1595 W', 'Room Size: 111 to 150 sqft', '1 Year Comprehensive Warranty on Product and 10 Years on Compressor']",35990,68490,47
CANDY 1.5 Ton 3 Star Split Dual Inverter AC  - White,CANDY,4.1,268, 49,"['Power Consumption: 1089.14 W', 'Room Size: 111 to 150 sqft', '1 Year Warranty on Product and 10 Years on Compressor']",31999,43000,25
CARRIER 1.5 Ton 5 Star Window AC  - White,CARRIER,4.3,917, 94,"['Power Consumption: 1550 W', 'Room Size: 111 to 150 sqft', '1 Year Warranty on Product and 5 Years on Compressor from Carrier']",32999,40990,19
Blue Star 1.5 Ton 3 Star Split AC  - White,Blue,4.2,892, 117,"['Power Consumption: 1430 W', 'Room Size: 111 to 150 sqft', '1 Year on Product and 5 Years Warranty on Compressor']",37990,53000,28
Lloyd 1 Ton 3 Star Window AC  - White,Lloyd,4.2,486, 87,"['Power Consumption: 808.94 kWh', 'Room Size: 90 sqft or Below', '1 Year Comprehensive Warranty on Product and 5 Years on Compressor']",24299,34277,29
iFFALCON 1.5 Ton 5 Star Split Dual Inverter Smart AC with Wi-fi Connect  - White,iFFALCON,4.1,457, 77,"['Power Consumption: 1350 W', 'Room Size: 111 to 150 sqft', '1 Year on Product and 5 Years on Compressor']",36990,49990,26
SAMSUNG 1.5 Ton 3 Star Split Inverter AC  - White,SAMSUNG,4.2,546, 41,"['Power Consumption: 1700 W', 'Room Size: 111 to 150 sqft', '1 Year Standard Warranty on Product and 10 Years on Compressor']",35999,57990,37
"SAMSUNG 1.5 Ton 4 Star Split Inverter AC  - White, Blue",SAMSUNG,3.8,26, 4,"['Power Consumption: 1490 W', 'Room Size: 111 to 150 sqft', '1 Year Warranty on Product and 10 Years on Compressor']",38479,68990,44
LG 1.5 Ton 5 Star Split Inverter AC with Wi-fi Connect  - White,LG,4.1,12, 1,"['Power Consumption: 818.81 W', 'Room Size: 111 to 150 sqft', '1 Year Warranty on Product and 10 Years on Compressor from LG']",45990,70990,35
Daikin 1.5 Ton 5 Star Split Inverter AC with PM 2.5 Filter  - White,Daikin,4.2,5, 1,"['Power Consumption: 1095 W', 'Room Size: 111 to 150 sqft', '1 Year Warranty on Product, 5 Years on PCB (Printed Circuit Board) and 10 Years on Compressor']",59549,81200,26
Hitachi 1.5 Ton 3 Star Window AC  - White,Hitachi,4.2,3609, 405,"['Power Consumption: 1650 W', 'Room Size: 111 to 150 sqft', '1 Year for Product & 4 Years for Compressor']",28499,29890,4
Voltas 1.5 Ton 5 Star Split Inverter adjustible AC  - White,Voltas,3.7,29, 4,"['Power Consumption: 1450 W', 'Room Size: 111 to 150 sqft', '1 Year Warranty on Product and 10 Years on Compressor']",39699,73990,46
Voltas 1.5 Ton 5 Star Split Inverter AC  - White,Voltas,4.3,4538, 483,"['Power Consumption: 1355 W', 'Room Size: 111 to 150 sqft', '1 Year on Product and 5 Years on Compressor from Voltas']",44990,59990,25
Blue Star 1.5 Ton 5 Star Window AC  - White,Blue,4.2,177, 18,"['Power Consumption: 114.71 kWh', 'Room Size: 111 to 150 sqft', '1 Year on Product and 5 Years on Compressor']",35999,42500,15
CARRIER 4 in 1 Convertible Cooling 1.5 Ton 5 Star Split Inverter AC with PM 2.5 Filter  - White,CARRIER,4.4,17556," 2,286","['Power Consumption: 1500 W', 'Room Size: 111 to 150 sqft', '1 Year Warranty on Product and 10 Years on Compressor']",40999,59990,31
Blue Star 1.5 Ton 5 Star Split Inverter AC  - White,Blue,4.3,365, 45,"['Power Consumption: 1375 W', 'Room Size: 111 to 150 sqft', '1 Year on Product, 1 Year on Condenser and 10 Years on Compressor']",43480,51493,15
Voltas 1.5 Ton 4 Star Split Inverter AC  - White,Voltas,4.2,3722, 492,"['Power Consumption: 1520 W', 'Room Size: 111 to 150 sqft', '1 Year Manufacturer Warranty']",37979,59990,36
Voltas 1.5 Ton 5 Star Split Inverter AC  - White,Voltas,4.3,4538, 483,"['Power Consumption: 1355 W', 'Room Size: 111 to 150 sqft', '1 Year on Product and 5 Years on Compressor from Voltas']",39990,68990,42
Blue Star 1.2 Ton 3 Star Split Inverter AC  - White,Blue,4.4,3553, 422,"['Power Consumption: 1440 W', 'Room Size: 91 to 110 sqft', '1 Year on Product and Condenser, 10 Years on Compressor warranty from Blue Star.']",33490,50000,33
"SAMSUNG 1.5 Ton 3 Star Split Inverter AC with Wi-fi Connect  - White, Blue",SAMSUNG,3.8,19, 1,"['Power Consumption: 1700 W', 'Room Size: 111 to 150 sqft', '5 Years Warranty on Product and 10 Years on Compressor']",37499,55990,33
Hitachi 1.5 Ton 3 Star Split Inverter AC  - White,Hitachi,4,21, 1,"['Power Consumption: 1475 W', 'Room Size: 111 to 150 sqft', '1 Year on Product and 10 Years on Compressor from Hitachi']",38259,52700,27
SAMSUNG 1.5 Ton 5 Star Split Inverter AC  - White,SAMSUNG,4,70, 11,"['Power Consumption: 743.96 W', 'Room Size: 111 to 150 sqft', '1 Year Warranty on Product, 5 Years on Condenser and 10 Years on Compressor']",45309,58290,22
Blue Star 2 Ton 5 Star Split Inverter AC  - White,Blue,3.9,14, 3,"['Power Consumption: 1770 W', 'Room Size: 151 to 200 sqft', '1 Year on Product, 1 Year on Condenser and 10 Years on Compressor']",57999,76000,23
SAMSUNG 1.5 Ton 4 Star Split Inverter AC with Wi-fi Connect  - White,SAMSUNG,4.5,13, 1,"['Power Consumption: 1500 W', 'Room Size: 111 to 150 sqft', '5 Years Comprehensive Warranty on Product and 10 Years on Compressor']",39890,68990,42
Voltas 1.5 Ton 5 Star Split Inverter AC  - White,Voltas,4.6,7, 2,"['Power Consumption: 1455 W', 'Room Size: 111 to 150 sqft', '1 Year on Product and 10 Years on Compressor from Voltas']",39499,68990,42
Hitachi 1.5 Ton 5 Star Split Inverter AC  - White,Hitachi,3.2,5, 0,"['Power Consumption: 897.84 kWh', 'Room Size: 111 to 150 sqft', '1 Year on Product and 10 Years on Compressor']",50189,66500,24
Blue Star 1 Ton 5 Star Window AC  - White,Blue,4.2,82, 8,"['Power Consumption: 1015 W', 'Room Size: 90 sqft or Below', '1 Year Warranty on Product and 5 Years on Compressor']",31999,35000,8
ONIDA 1.5 Ton 3 Star Split Inverter AC  - White,ONIDA,4.4,46, 3,"['Power Consumption: 1570 W', 'Room Size: 111 to 150 sqft', '1 Year on Product and 5 Year on Compressor from Onida']",38490,57490,33
TOSHIBA 1 Ton 3 Star Split Inverter AC  - White,TOSHIBA,4.7,3, 1,"['Power Consumption: 1200 W', 'Room Size: 90 sqft or Below', '1 Year on product, 5 year on Compressor']",34490,43600,20
"Voltas 1.5 Ton 5 Star Split Inverter Maha Adjustable AC  - White, Black",Voltas,4.2,364, 36,"['Power Consumption: 1430 W', 'Room Size: 111 to 150 sqft', '1 Year on Product and 5 Years on Compressor from Voltas']",41990,69990,40
Godrej 1.5 Ton 3 Star Split Inverter AC  - White,Godrej,3.8,21, 2,"['Power Consumption: 1056.34 kWh', 'Room Size: 111 to 150 sqft', '1 Year Warranty on Product and 10 Years on Compressor']",33986,45990,26
"Hitachi 1.5 Ton 3 Star Split Inverter AC  - White, Gold",Hitachi,3.9,3262, 337,"['Power Consumption: 1098.1 kWh', 'Room Size: 111 to 150 sqft', '1 Year Warranty on Complete Product and 10 Years on Compressor']",39599,57900,31
Midea 1.5 Ton 5 Star Split Inverter AC with Wi-fi Connect  - White,Midea,4.3,8, 1,"['Power Consumption: 1380 W', 'Room Size: 111 to 150 sqft', '1 Year Warranty on Product and 10 Years on Compressor']",39499,66990,41
"SAMSUNG 5 in 1 convertible cooling 1.5 Ton 3 Star Split Inverter AC  - White, Purple",SAMSUNG,4.3,23, 2,"['Power Consumption: 1700 W', 'Room Size: 111 to 150 sqft', '1 Year Warranty on Product and 10 Years on Compressor']",36099,57990,37
Daikin 1.8 Ton 4 Star Hot and Cold Split Inverter AC  - White,Daikin,3.2,5, 0,"['Power Consumption: 1820 W', 'Room Size: 151 to 200 sqft', '1 Year Comprehensive Warranty on AC and 10 Years on Compressor']",57490,76600,24
Hitachi 1.5 Ton 3 Star Split Inverter AC  - White,Hitachi,4.1,263, 20,"['Power Consumption: 1730 W', 'Room Size: 111 to 150 sqft', '1 years Comprehensive warranty, 5 years on Controller/PCB, 10 years on Compressor, 1 year Free Gas Recharge']",33990,50490,32
Daikin 1.8 Ton 3 Star Split Inverter AC  - White,Daikin,4.3,532, 46,"['Power Consumption: 1950 W', 'Room Size: 151 to 200 sqft', '1 Year Warranty on Product and 10 Years Warranty on Compressor and 5 Years Warranty on PCB (Printed Circuit Board)']",53891,72900,26
Lloyd 1.5 Ton 3 Star Window AC  - White,Lloyd,4.2,1122, 135,"['Power Consumption: 1269.53 kWh', 'Room Size: 111 to 150 sqft', '1 Year Comprehensive Warranty on AC and 5 Years on Compressor From Lloyd']",31490,37990,17
TOSHIBA 1.5 Ton 3 Star Split Inverter AC  - White,TOSHIBA,3.9,21, 4,"['Power Consumption: 1660 W', 'Room Size: 111 to 150 sqft', '1 Year on product, 5 year on Compressor']",41500,54300,23
Hitachi 1.5 Ton 3 Star Window AC  - White,Hitachi,4,2628, 286,"['Power Consumption: 1277.65 W', 'Room Size: 111 to 150 sqft', '1 Year Warranty on Product and 5 Years on Compressor']",29499,29890,1
LG 1 Ton 5 Star Split Dual Inverter AC with Wi-fi Connect  - White,LG,4.5,13, 2,"['Power Consumption: 571.99 kWh', 'Room Size: 90 sqft or Below', '1 Year Warranty on Product, 5 Years on PCB and 10 Years on Compressor with Gas Charging']",42000,48990,14
Daikin 1.5 Ton 3 Star Split Inverter AC  - White,Daikin,4.3,459, 43,"['Power Consumption: 1665 W', 'Room Size: 111 to 150 sqft', '1 Year Warranty on Product']",39990,47700,16
Blue Star 2 Ton 3 Star Split AC  - White,Blue,4.1,34, 0,"['Power Consumption: 1800 W', 'Room Size: 151 to 200 sqft', '1 Year on Product , 5 Yearsï¿½ on Compressor and 5 Years Warranty on Condenser From Blue Star']",58900,60000,1
Panasonic 1.5 Ton 4 Star Window AC  - White,Panasonic,4,7, 3,"['Power Consumption: 1168.9 W', 'Room Size: 111 to 150 sqft', '1 Year Comprehensive Warranty and 4 Years on Compressor']",33519,44490,24
Hitachi 1 Ton 3 Star Split Inverter AC  - White,Hitachi,4.1,3300, 372,"['Power Consumption: 1110 W', 'Room Size: 90 sqft or Below', '1 years Comprehensive warranty, 5 years on Controller/PCB, 10 years on Compressor, 1 year Free Gas Recharge']",31990,42290,24
Hitachi 1 Ton 3 Star Window AC  - White,Hitachi,4,2628, 286,"['Power Consumption: 921 W', 'Room Size: 90 sqft or Below', '1 Year Warranty on Product and 5 Years on Compressor']",27490,29090,5
"Blue Star 1 Ton Portable AC  - White, Grey",Blue,3.8,3859, 566,"['Power Consumption: 1403 W', 'Room Size: 90 sqft or Below', '1 Year on Product and 5 Years Warranty on Compressor From Blue Star']",34900,39000,10
Voltas 1.5 Ton 5 Star Window AC  - White,Voltas,3.9,12, 2,"['Power Consumption: 1350 W', 'Room Size: 111 to 150 sqft', '1 Year on Product and 7 Years on Compressor from Voltas']",33888,39592,14
"Hitachi 2 Ton 3 Star Split Inverter AC  - White, Gold",Hitachi,4.2,32, 1,"['Power Consumption: 2090 W', 'Room Size: 151 to 200 sqft', '1 Year on Product, 1 Year on Condenser and 5 Years on Compressor From Hitachi']",55300,59590,7
Daikin 1 Ton 3 Star Split AC with PM 2.5 Filter  - White,Daikin,4.2,158, 21,"['Room Size: 90 sqft or Below', '1 Year on Total Unit and 5 Years on Compressor']",34599,36800,5
IFB 7 Stage Air Treatment 2 Ton 3 Star Split Inverter PM 0.3 Filter Silver Series AC  - White,IFB,4.4,369, 47,"['Power Consumption: 1233.96 kWh', 'Room Size: 151 to 200 sqft', '1 year warranty on product + 5 years on ODU PCB, 10 years on compressor']",53536,58990,9
Hitachi 1.5 Ton 5 Star Split Inverter Expandable AC  - Gold,Hitachi,3.9,3262, 337,"['Power Consumption: 1540 W', 'Room Size: 111 to 150 sqft', '1 years Comprehensive warranty, 5 years on Controller/PCB, 10 years on Compressor, 1 year Free Gas Recharge']",43999,60500,27
Daikin 1.5 Ton 4 Star Split Inverter AC with PM 2.5 Filter  - White,Daikin,4.1,29, 4,"['Power Consumption: 1670 W', 'Room Size: 111 to 150 sqft', '1 Year Comprehensive Warranty on Product and 10 Years on Compressor']",37999,58400,34
"Hitachi 1.5 Ton 3 Star Split Inverter AC  - White, Gold",Hitachi,4.1,15, 1,"['Power Consumption: 1012.3 W', 'Room Size: 111 to 150 sqft', '1 Year on Product, 5 Years on Controller and 10 Years on Compressor']",37499,59700,37
IFB 1 Ton 3 Star Split Inverter AC  - White,IFB,4.2,1159, 149,"['Power Consumption: 1210 W', 'Room Size: 90 sqft or Below', '1 Year Warranty on Product, 5 Years on ODU PCB and 10 Years on Compressor']",29990,37990,21
Daikin 1.5 Ton 5 Star Split Inverter AC  - White,Daikin,4.2,486, 76,"['Power Consumption: 1290 W', 'Room Size: 111 to 150 sqft', '1 Year on Product and 5 Years on Compressor from Daikin']",47500,59000,19
CARRIER 1.5 Ton 5 Star Window AC  - White,CARRIER,4.4,21, 3,"['Power Consumption: 1560 W', 'Room Size: 111 to 150 sqft', '1 Year Warranty on Product and 5 Years on Compressor']",36500,39100,6
Daikin 1.5 Ton 4 Star Split Inverter AC with PM 2.5 Filter  - White,Daikin,3.7,9, 1,"['Power Consumption: 1602 W', 'Room Size: 111 to 150 sqft', '1 Year Warranty on Product, 5 Years on PCB (Printed Circuit Board) and 10 Years on Compressor']",41990,61300,31
Haier 1 Ton 3 Star Split AC  - White,Haier,3.7,7, 0,"['Power Consumption: 704 W', 'Room Size: 90 sqft or Below', '1 Year Warranty on Product and 6 Years on Compressor']",31990,50000,36
CARRIER 1.5 Ton 3 Star Split Inverter AC  - White,CARRIER,4.2,1043, 100,"['Power Consumption: 1750 W', 'Room Size: 111 to 150 sqft', '1 Year Domestic Warranty on Product and 10 Years on Compressor']",37500,54990,31
Daikin 1.8 Ton 5 Star Split Inverter AC  - White,Daikin,4.4,56, 5,"['Power Consumption: 1665 W', 'Room Size: 151 to 200 sqft', '1 Year on Product and 10 Years on Compressor From Daikin']",59533,65533,9
Lloyd 1.5 Ton 3 Star Window AC  - White,Lloyd,4.3,226, 21,"['Power Consumption: 1700 W', 'Room Size: 111 to 150 sqft', '1 year on Product, 5 years on Condenser, 5 years on Compressor']",27990,37990,26
Blue Star Convertible 4-in-1 Cooling 1 Ton 5 Star Split Inverter AC  - White,Blue,4.2,4321, 505,"['Power Consumption: 583.06 kWh', 'Room Size: 90 sqft or Below', '1 Year on Product and 10 Years Warranty on Compressor']",36390,59500,38
"Hitachi 2 Ton 3 Star Hot and Cold Split Inverter AC  - White, Gold",Hitachi,4.7,3, 0,"['Power Consumption: 1507.1 W', 'Room Size: 151 to 200 sqft', '1 Year Warranty on Product and 5 Years on Compressor']",59990,79990,25
Lloyd 1 Ton 5 Star Split Inverter Expandable AC  - White,Lloyd,4.2,18, 2,"['Power Consumption: 604 W', 'Room Size: 90 sqft or Below', '1 Year Warranty on Product and 10 Years on Compressor from LLOYD']",40800,54990,25
Blue Star 2 Ton 3 Star Split AC  - White,Blue,4.5,11, 0,"['Power Consumption: 1760 W', 'Room Size: 151 to 200 sqft', '1 Year on Product and 5 Years on Compressor from Blue Star']",53999,67000,19
LIVPURE 1.5 Ton 5 Star Split Inverter Smart AC with Wi-fi Connect  - White,LIVPURE,4.2,2590, 578,"['Power Consumption: 1360 W', 'Room Size: 111 to 150 sqft', '1 Year on Product, 1 Year on Condenser and 10 Years on Compressor']",42990,52990,18
Panasonic 1.5 Ton 5 Star Split Inverter AC with Wi-fi Connect  - White,Panasonic,4.3,176, 31,"['Power Consumption: 1440 W', 'Room Size: 111 to 150 sqft', '1 Year Comprehensive Warranty, 4 Years on PCB, 9 Years on Compressor and 4 Years on ODU Casing']",48250,69900,30
Panasonic 1.5 Ton 3 Star Window AC  - White,Panasonic,4.8,6, 1,"['Power Consumption: 1238.57 W', 'Room Size: 111 to 150 sqft', '1 Year Comprehensive Warranty and 4 Years on Compressor']",29999,41490,27
Whirlpool 1.5 Ton 3 Star Split Inverter Smart AC with Wi-fi Connect  - White,Whirlpool,4.5,12, 2,"['Power Consumption: 1890 W', 'Room Size: 111 to 150 sqft', '1 Year on Product and Condenser and 10 Years on Compressor']",35990,53400,32
Hitachi 1 Ton 5 Star Split Inverter AC  - White,Hitachi,2,4, 1,"['Power Consumption: 585.85 kWh', 'Room Size: 90 sqft or Below', '1 Year on Product and 10 Years on Compressor']",38999,60700,35
Panasonic 1.5 Ton 3 Star Split Inverter AC  - White,Panasonic,4.5,153, 23,"['Power Consumption: 1650 W', 'Room Size: 111 to 150 sqft', '1 Year Comprehensive and 10 Years on Compressor Warranty from Panasonic']",43000,53000,18
Panasonic 2 Ton 5 Star Split Inverter AC with Wi-fi Connect  - White,Panasonic,4.3,11773," 1,430","['Power Consumption: 1740 W', 'Room Size: 151 to 200 sqft', '1 Year Comprehensive Warranty, 4 Years on PCB, 9 Years on Compressor and 4 Years on ODU Casing']",62304,82400,24
LG 1.5 Ton 5 Star Split Dual Inverter AC  - White,LG,4.3,9484," 1,211","['Power Consumption: 1440 W', 'Room Size: 111 to 150 sqft', '10 Years on Compressor with free gas recharge*, 5 Years on PCB*']",42990,62990,31
"Voltas 1.5 Ton 4 Star Split Inverter AC  - White, Brown",Voltas,4.4,263, 25,"['Power Consumption: 1540 W', 'Room Size: 111 to 150 sqft', '1 Year Warranty on Product and 10 Years On Compressor']",35490,58327,39
Panasonic 1.5 Ton 5 Star Split Inverter AC  - White,Panasonic,4.5,153, 23,"['Power Consumption: 1350 W', 'Room Size: 111 to 150 sqft', '1 Year Comprehensive and 10 Years on Compressor Warranty from Panasonic']",47000,57500,18
Blue Star 2 Ton 3 Star Split Inverter AC  - White,Blue,4,7, 1,"['Power Consumption: 2025 W', 'Room Size: 151 to 200 sqft', '1 Year on Product and 10 Years Warranty on Compressor']",52999,72000,26
LG 1 Ton 3 Star Split Dual Inverter AC  - White,LG,4.4,3901, 638,"['Power Consumption: 1080 W', 'Room Size: 90 sqft or Below', '10 Years on Compressor with free gas recharge*, 5 Years on PCB*']",37500,46990,20
Blue Star 1.5 Ton 5 Star Window AC  - White,Blue,4.2,2989, 380,"['Power Consumption: 5100 W', 'Room Size: 111 to 150 sqft', '1 Year on Product and 5 Years on Compressor from Blue Star']",35999,40500,11
TOSHIBA 1.5 Ton 5 Star Split Inverter AC  - White,TOSHIBA,1,1, 1,"['Power Consumption: 1570 W', 'Room Size: 111 to 150 sqft', '1 Year on product, 5 year on Compressor']",50000,62000,19
ONIDA 1.5 Ton 3 Star Split Dual Inverter AC  - White,ONIDA,4.5,41, 3,"['Power Consumption: 1820 W', 'Room Size: 111 to 150 sqft', '1 Year Warranty on Product and 5 Years on Compressor from Onida']",30799,53490,42
Panasonic 2 Ton 3 Star Split Inverter AC  - White,Panasonic,4.5,25, 1,"['Power Consumption: 1870 W', 'Room Size: 151 to 200 sqft', '1 Year Comprehensive and 10 Years on Compressor Warranty from Panasonic']",54500,67000,18
SAMSUNG 1.5 Ton 3 Star Split Inverter AC  - White,SAMSUNG,4.3,35, 3,"['Power Consumption: 1870 W', 'Room Size: 111 to 150 sqft', '5 Years on Condenser and 10 Years on Compressor']",40500,47670,15
Lloyd 1.25 Ton 3 Star Split Inverter AC  - White,Lloyd,4.3,759, 91,"['Power Consumption: 1485 W', '1 Year Comprehensive Warranty on AC and 10 Years on Compressor']",33990,52990,35
Sansui 1.5 Ton 3 Star Split AC with PM 2.5 Filter  - White,Sansui,4.2,1537, 210,"['Power Consumption: 1413 W', 'Room Size: 111 to 150 sqft', '1 Year on Product and 5 Years on Compressor']",26990,42999,37
Voltas 1.5 Ton 3 Star Split Inverter AC  - White,Voltas,4.6,40, 4,"['Power Consumption: 650 W', 'Room Size: 111 to 150 sqft', '1 Year Warranty on Product and 10 Years on Compressor']",36990,61990,40
CARRIER 1.5 Ton 5 Star Window AC  - White,CARRIER,4.3,917, 94,"['Power Consumption: 1522 W', 'Room Size: 111 to 150 sqft', '1 Year Warranty on Product and 5 Years on Compressor']",35999,48990,26
LG 1.5 Ton 3 Star Split Dual Inverter AC  - White,LG,4.7,18, 1,"['Power Consumption: 1050.84 W', 'Room Size: 111 to 150 sqft', '1 Year Comprehensive Warranty on Product and 10 Years on Compressor (With Gas Charging)']",39990,57990,31
Lloyd 1 Ton 3 Star Split Inverter AC  - White,Lloyd,4.3,627, 90,"['Power Consumption: 745.89 kWh', 'Room Size: 90 sqft or Below', '1 Year Comprehensive Warranty on AC and 10 Years on Compressor From Lloyd']",32490,44900,27
"Hitachi 1.5 Ton 5 Star Split Inverter AC  - White, Gold",Hitachi,4.1,83, 7,"['Power Consumption: 1449 W', 'Room Size: 111 to 150 sqft', '1 Year on Complete Unit and 5 Years on Compressor']",47199,60900,22
LumX 1.5 Ton 3 Star Split AC  - White,LumX,4.5,33, 2,"['Power Consumption: 1440 W', 'Room Size: 111 to 150 sqft', '1 Year on Product, 1 Year on Condenser and 5 Years on Compressor from Lumx']",28990,42980,32
Daikin 1.8 Ton 3 Star Split Inverter AC  - White,Daikin,4,28, 4,"['Power Consumption: 2000 W', 'Room Size: 151 to 200 sqft', '1 Year Warranty on Product']",55590,63700,12
Daikin 1.5 Ton 3 Star Split Inverter AC  - White,Daikin,4,121, 6,"['Power Consumption: 1740 W', 'Room Size: 111 to 150 sqft', '1 Year on Product and 10 Years on Compressor From Daikin']",40999,61990,33
Hitachi 1.5 Ton 3 Star Split Inverter AC  - White,Hitachi,4,21, 1,"['Power Consumption: 1475 W', 'Room Size: 111 to 150 sqft', '1 Year on Product and 10 Years on Compressor from Hitachi']",31156,52700,40
Voltas 1.5 Ton 4 Star Split Inverter AC  - White,Voltas,4.2,3722, 492,"['Power Consumption: 1590 W', 'Room Size: 111 to 150 sqft', '1 year on Product and 5 Years on Compressor.']",37990,59990,36
Daikin 1.8 Ton 4 Star Split Inverter AC  - White,Daikin,4.2,1984, 192,"['Power Consumption: 1890 W', 'Room Size: 151 to 200 sqft', '1 Year on Product and 5 Years on Compressor from Daikin']",55990,64900,13
SAMSUNG 1.5 Ton 4 Star Split Inverter AC  - White,SAMSUNG,4.4,5, 2,['Room Size: 111 to 150 sqft'],41599,52990,21
MarQ by Flipkart 1 Ton 3 Star Split Inverter AC  - White,MarQ,4.3,13800," 1,942","['Power Consumption: 725.03 W', 'Room Size: 90 sqft or Below', '1 Year on Product and 5 Years on Compressor']",23490,39999,41
Hitachi 1.5 Ton 5 Star Window AC  - White,Hitachi,4.1,36, 5,"['Power Consumption: 1530 W', 'Room Size: 111 to 150 sqft', '1 Year on Complete Unit and 5 Years on Compressor']",36249,37090,2
Blue Star 1.5 Ton 5 Star Window Inverter AC  - White,Blue,4,40, 5,"['Power Consumption: 1565 W', 'Room Size: 111 to 150 sqft', '1 Year Warranty on Product and 5 Years on Compressor']",41990,50000,16
"SAMSUNG 1.5 Ton 3 Star Split Inverter AC  - White, Pastel Blue",SAMSUNG,4.2,26394," 2,631","['Power Consumption: 1748 W', 'Room Size: 111 to 150 sqft', '1 Year comprehensive and 10 years on Compressor']",33499,45990,27
CARRIER 1.5 Ton 3 Star Split Inverter AC  - White,CARRIER,4.3,102, 9,"['Power Consumption: 1750 W', 'Room Size: 111 to 150 sqft', '1 Year Warranty on Product and 10 Years on Compressor from Carrier']",41990,59990,30
Godrej 1.5 Ton 3 Star Split AC  - White,Godrej,4.3,359, 34,"['Power Consumption: 1137.94 W', 'Room Size: 111 to 150 sqft', '1 Year on Product and Condenser Coil Warranty and 5 Years on Compressor Warranty from Godrej']",34400,45535,24
LG 1.5 Ton 5 Star Split Dual Inverter AC  - White,LG,4,26, 0,"['Power Consumption: 818.81 kWh', 'Room Size: 111 to 150 sqft', '1 Year Warranty on Product, 5 Years on PCB and 10 Years on Compressor']",43099,75990,43
SAMSUNG 1.5 Ton 3 Star Split Inverter AC  - White,SAMSUNG,4.1,50, 7,"['Power Consumption: 1044.19 W', 'Room Size: 111 to 150 sqft', '1 Year Warranty on Product, 5 Years on Condenser and 10 Years on Compressor']",43598,53990,19
SAMSUNG 1.5 Ton 3 Star Split Inverter AC  - White,SAMSUNG,4.6,13, 1,"['Power Consumption: 1748 W', 'Room Size: 111 to 150 sqft', '1 Year on Product, 1 Year on Condenser and 10 Years on Compressor from Samsung']",37999,49990,23
Voltas 1.5 Ton 3 Star Split AC  - White,Voltas,4.4,108, 5,"['Power Consumption: 972 W', 'Room Size: 111 to 150 sqft', '1 Year Warranty on the Product and 4 Years on the Compressor']",35999,50990,29
Hitachi 2 Ton 2 Star Window AC  - White,Hitachi,3.3,13, 0,"['Power Consumption: 1703.04 W', 'Room Size: 151 to 200 sqft', '1 years Comprehensive warranty']",41990,45500,7
Daikin 1.5 Ton 5 Star Split Inverter AC  - White,Daikin,4.4,42, 3,"['Power Consumption: 1315 W', 'Room Size: 111 to 150 sqft', '1 Year on Product and 5 Years on Compressor from Daikin']",46180,59990,23
Lloyd 1.5 Ton 3 Star Split Inverter AC  - White,Lloyd,3.7,6, 0,['Room Size: 111 to 150 sqft'],37296,59990,37
Voltas 1 Ton 3 Star Split AC  - White,Voltas,3.9,72, 5,"['Power Consumption: 1720 W', 'Room Size: 90 sqft or Below', '1 Year on Product and 5 Years on Compressor from Voltas']",32490,49490,34
Blue Star 1.5 Ton 5 Star Split Inverter AC  - White,Blue,4.2,121, 10,"['Power Consumption: 1295 W', 'Room Size: 111 to 150 sqft', '1 Year on Product, 5 Year on Condenser and 10 Years on Compressor']",43990,49397,10
Blue Star 1 Ton 5 Star Split Inverter AC  - White,Blue,4.4,36, 5,"['Power Consumption: 565 W', 'Room Size: 90 sqft or Below', '1 Year on Product and 10 Years Warranty on Compressor From Blue Star']",40777,56500,27
IFB 7 Stage Air Treatment 1 Ton 3 Star Split Inverter PM 0.3 Filter Silver Series AC  - White,IFB,4.3,1999, 306,"['Power Consumption: 732.29 kWh', 'Room Size: 90 sqft or Below', '1 year warranty on product + 5 years on ODU PCB, 10 years on compressor']",32990,42190,21
"Hitachi 1.5 Ton 5 Star Split Inverter Expandable AC  - White, Gold",Hitachi,4.2,384, 34,"['Power Consumption: 1540 W', 'Room Size: 111 to 150 sqft', '2 years Comprehensive warranty, 5 years on Controller/PCB, 10 years on Compressor, 1 year Free Gas Recharge']",46999,60090,21
Lloyd 1.5 Ton 3 Star Window AC  - White,Lloyd,4.2,1122, 135,"['Power Consumption: 1269.53 kWh', 'Room Size: 111 to 150 sqft', '1 Year Comprehensive Warranty on AC and 5 Years on Compressor From Lloyd']",29990,38000,21
Hitachi 1.8 Ton 3 Star Split Inverter AC  - White,Hitachi,3.7,3, 0,"['Power Consumption: 1405 kWh', 'Room Size: 151 to 200 sqft', '1 Year Warranty on Product and 10 Years on Compressor from Hitachi']",46349,58975,21
Blue Star 1.5 Ton 3 Star Split Inverter AC  - White,Blue,4.3,246, 20,"['Power Consumption: 1007.86 W', 'Room Size: 111 to 150 sqft', '1 Year Warranty on Product and 10 Years Warranty on Compressor']",39549,61250,35
"Hitachi 1.8 Ton 3 Star Split Inverter AC  - White, Gold",Hitachi,3.9,3262, 337,"['Power Consumption: 1236.39 kWh', 'Room Size: 151 to 200 sqft', '1 Year Warranty on Complete Product and 10 Years on Compressor']",45999,69600,33
Haier 0.9 Ton 3 Star Split Inverter AC  - White,Haier,3.4,31, 7,"['Power Consumption: 732 W', 'Room Size: 90 sqft or Below', '1 Year Warranty on Product and 12 Years on Compressor From Haier']",28990,52990,45
Thomson 4 in 1 Convertible Cooling 1 Ton 3 Star Split Inverter With iBreeze Technology AC  - White,Thomson,4.1,681, 149,"['Power Consumption: 1095 W', 'Room Size: 90 sqft or Below', '1 Year on Product and 10 Years on Compressor Warranty']",28799,39998,27
TOSHIBA 1.8 Ton 3 Star Split AC  - White,TOSHIBA,3.3,3, 0,"['Power Consumption: 2200 W', 'Room Size: 151 to 200 sqft', '1 Year on Product and 5 Years on Compressor from Date of Purchase']",44000,57100,22
LG 1.5 Ton 3 Star Split Dual Inverter AC  - White,LG,4,41, 4,"['Power Consumption: 1440 W', 'Room Size: 111 to 150 sqft', '1 Year on Product and 10 Years on Compressor']",37490,52490,28
Hitachi 1 Ton 3 Star Split Inverter AC  - Gold,Hitachi,3.9,3262, 337,"['Power Consumption: 1230 W', 'Room Size: 90 sqft or Below', '1 years Comprehensive warranty, 5 years on Controller/PCB, 10 years on Compressor, 1 year Free Gas Recharge']",31999,43800,26
Voltas 2 Ton 3 Star Split Inverter AC  - White,Voltas,3.5,11, 2,['Room Size: 151 to 200 sqft'],42990,79990,46
Haier 1.6 Ton 5 Star Split Inverter AC  - White,Haier,2.8,5, 1,"['Power Consumption: 880 W', 'Room Size: 151 to 200 sqft', '1 Year Warranty on Product and 12 Years on Compressor']",49399,72499,31
LG 1.5 Ton 5 Star Split Inverter AC  - White,LG,3.4,8, 0,"['Power Consumption: 5800 W', 'Room Size: 111 to 150 sqft', '1 Year on Product, 5 Years on PCB and 10 Years on Compressor from LG']",48999,75990,35
Hitachi 1 Ton 3 Star Split Inverter AC  - White,Hitachi,3.5,18, 3,"['Power Consumption: 688.96 kWh', 'Room Size: 90 sqft or Below', '1 Year on Product and 10 Years on Compressor']",33999,48200,29
Lloyd 1 Ton 3 Star Split AC with PM 2.5 Filter  - White,Lloyd,4.2,352, 43,"['Power Consumption: 960 W', 'Room Size: 90 sqft or Below', '1 Year Comrehensive Warranty and 5 Years Warranty on Compressor from Lloyd']",32256,42090,23
Whirlpool 1.5 Ton 5 Star Split Inverter AC  - White,Whirlpool,4.5,8, 1,"['Power Consumption: 1365 W', 'Room Size: 111 to 150 sqft', '1 Year Warranty on Product and 10 Years on Compressor']",39990,66950,40
